network,avg_price,min_price,max_price,stores
LIDL DISCOUNT SRL,5.65,5.65,5.65,9
KAUFLAND,5.65,5.65,5.65,5
MEGA IMAGE SRL,5.89,5.89,5.89,29

network,price_date,avg_price
CARREFOUR,2026-04-14 04:00,6.69
LIDL DISCOUNT SRL,2026-04-14 04:00,5.89
MEGA IMAGE SRL,2026-04-14 04:00,6.1
PROFI,2026-04-14 04:00,6.29
AUCHAN,2026-04-15 04:00,5.39
CARREFOUR,2026-04-15 04:00,6.38
LIDL DISCOUNT SRL,2026-04-15 04:00,5.89
MEGA IMAGE SRL,2026-04-15 04:00,6.33
PROFI,2026-04-15 04:00,6.2
AUCHAN,2026-04-16 04:00,5.49
CARREFOUR,2026-04-16 04:00,6.49
MEGA IMAGE SRL,2026-04-16 04:00,6.15
PROFI,2026-04-16 04:00,6.09
AUCHAN,2026-04-18 04:00,5.49
MEGA IMAGE SRL,2026-04-18 04:00,6.49
PROFI,2026-04-18 04:00,6.09
AUCHAN,2026-04-20 20:00,5.39
MEGA IMAGE SRL,2026-04-20 20:00,6.1
PROFI,2026-04-20 20:00,6.16
SELGROS,2026-04-20 20:00,5.65
MEGA IMAGE SRL,2026-04-21 04:00,6.1
AUCHAN,2026-04-22 20:00,5.49
CARREFOUR,2026-04-22 20:00,6.25
MEGA IMAGE SRL,2026-04-22 20:00,6.1
PROFI,2026-04-22 20:00,6.04
CARREFOUR,2026-04-23 04:00,5.69
PROFI,2026-04-23 04:00,6.04
AUCHAN,2026-04-24 20:00,5.49
MEGA IMAGE SRL,2026-04-24 20:00,6.29
PROFI,2026-04-24 20:00,6.18
CARREFOUR,2026-04-25 04:00,6.15
KAUFLAND,2026-04-25 04:00,5.89
LIDL DISCOUNT SRL,2026-04-25 04:00,5.89
MEGA IMAGE SRL,2026-04-25 04:00,6.49
PROFI,2026-04-25 04:00,6.13
SELGROS,2026-04-25 04:00,5.65
AUCHAN,2026-04-26 20:00,5.69
CARREFOUR,2026-04-26 20:00,6.55
CORA,2026-04-26 20:00,5.69
KAUFLAND,2026-04-26 20:00,5.89
MEGA IMAGE SRL,2026-04-26 20:00,6.42
PROFI,2026-04-26 20:00,6.09
SELGROS,2026-04-26 20:00,5.65
AUCHAN,2026-04-27 04:00,5.45
CARREFOUR,2026-04-27 04:00,6.4
CORA,2026-04-27 04:00,5.69
KAUFLAND,2026-04-27 04:00,5.89
LIDL DISCOUNT SRL,2026-04-27 04:00,5.89
MEGA IMAGE SRL,2026-04-27 04:00,6.49
PROFI,2026-04-27 04:00,6.1
SELGROS,2026-04-27 04:00,5.65
CARREFOUR,2026-04-27 20:00,6.26
KAUFLAND,2026-04-27 20:00,5.89
LIDL DISCOUNT SRL,2026-04-27 20:00,5.89
MEGA IMAGE SRL,2026-04-27 20:00,6.49
PROFI,2026-04-27 20:00,6.05
SELGROS,2026-04-27 20:00,5.65
CARREFOUR,2026-04-28 04:00,6.27
KAUFLAND,2026-04-28 04:00,5.89
LIDL DISCOUNT SRL,2026-04-28 04:00,5.89
MEGA IMAGE SRL,2026-04-28 04:00,6.5
PROFI,2026-04-28 04:00,6.03
KAUFLAND,2026-04-28 20:00,5.89
LIDL DISCOUNT SRL,2026-04-28 20:00,5.89
PROFI,2026-04-28 20:00,6.01
MEGA IMAGE SRL,2026-04-30 20:00,5.89
MEGA IMAGE SRL,2026-05-01 04:00,5.89
CARREFOUR,2026-05-01 20:00,4.99
CARREFOUR,2026-05-02 04:00,4.99
MEGA IMAGE SRL,2026-05-02 04:00,5.89
PROFI,2026-05-02 04:00,5.99
SUPECO,2026-05-02 04:00,4.99
AUCHAN,2026-05-03 04:00,5.19
CARREFOUR,2026-05-03 04:00,5.37
MEGA IMAGE SRL,2026-05-03 04:00,5.89
AUCHAN,2026-05-03 20:00,5.19
CARREFOUR,2026-05-03 20:00,4.99
MEGA IMAGE SRL,2026-05-03 20:00,5.89
SUPECO,2026-05-03 20:00,4.99
AUCHAN,2026-05-04 04:00,5.19
CARREFOUR,2026-05-04 04:00,4.99
MEGA IMAGE SRL,2026-05-04 04:00,5.89
PROFI,2026-05-04 04:00,6.09
SUPECO,2026-05-04 04:00,4.99
AUCHAN,2026-05-04 20:00,5.19
CARREFOUR,2026-05-04 20:00,4.99
KAUFLAND,2026-05-04 20:00,5.89
MEGA IMAGE SRL,2026-05-04 20:00,5.89
SUPECO,2026-05-04 20:00,4.99
CARREFOUR,2026-05-05 04:00,4.99
KAUFLAND,2026-05-05 04:00,5.89
MEGA IMAGE SRL,2026-05-05 04:00,5.93
PROFI,2026-05-05 04:00,5.99
SUPECO,2026-05-05 04:00,4.99
CARREFOUR,2026-05-05 20:00,4.99
CARREFOUR,2026-05-06 04:00,4.99
MEGA IMAGE SRL,2026-05-06 04:00,5.89
KAUFLAND,2026-05-06 20:00,4.79
MEGA IMAGE SRL,2026-05-06 20:00,6.01
CARREFOUR,2026-05-07 20:00,4.99
KAUFLAND,2026-05-07 20:00,4.79
MEGA IMAGE SRL,2026-05-07 20:00,6.29
KAUFLAND,2026-05-08 04:00,4.79
MEGA IMAGE SRL,2026-05-08 04:00,6.29
CARREFOUR,2026-05-08 20:00,6.12
KAUFLAND,2026-05-08 20:00,4.79
MEGA IMAGE SRL,2026-05-08 20:00,6.29
CARREFOUR,2026-05-09 04:00,6.23
KAUFLAND,2026-05-09 04:00,4.79
MEGA IMAGE SRL,2026-05-09 04:00,6.29
CARREFOUR,2026-05-09 20:00,6.17
KAUFLAND,2026-05-09 20:00,4.79
MEGA IMAGE SRL,2026-05-09 20:00,6.29
PROFI,2026-05-09 20:00,6.19
SUPECO,2026-05-09 20:00,4.99
CARREFOUR,2026-05-11 20:00,6.21
KAUFLAND,2026-05-11 20:00,4.79
MEGA IMAGE SRL,2026-05-11 20:00,6.29
PROFI,2026-05-11 20:00,6.29
CARREFOUR,2026-05-12 04:00,6.09
KAUFLAND,2026-05-12 04:00,4.79
MEGA IMAGE SRL,2026-05-12 04:00,6.29
PROFI,2026-05-12 04:00,6.23
CARREFOUR,2026-05-12 20:00,6.22
MEGA IMAGE SRL,2026-05-12 20:00,6.29
CARREFOUR,2026-05-13 04:00,6.23
MEGA IMAGE SRL,2026-05-13 04:00,6.29
CARREFOUR,2026-05-13 20:00,6.14
MEGA IMAGE SRL,2026-05-14 04:00,5.89
CARREFOUR,2026-05-15 04:00,6.56
LIDL DISCOUNT SRL,2026-05-15 04:00,5.89
MEGA IMAGE SRL,2026-05-15 04:00,6.21
PROFI,2026-05-15 04:00,6.15
AUCHAN,2026-05-15 20:00,5.19
CARREFOUR,2026-05-15 20:00,6.42
LIDL DISCOUNT SRL,2026-05-15 20:00,5.89
MEGA IMAGE SRL,2026-05-15 20:00,6.26
PROFI,2026-05-15 20:00,6.22
SUPECO,2026-05-15 20:00,5.69
CARREFOUR,2026-05-16 04:00,6.11
LIDL DISCOUNT SRL,2026-05-16 04:00,5.89
MEGA IMAGE SRL,2026-05-16 04:00,6.29
PROFI,2026-05-16 04:00,6.14
SUPECO,2026-05-16 04:00,5.69
CARREFOUR,2026-05-16 20:00,5.65
MEGA IMAGE SRL,2026-05-16 20:00,6.29
SUPECO,2026-05-16 20:00,5.69
CARREFOUR,2026-05-17 04:00,6.64
LIDL DISCOUNT SRL,2026-05-17 04:00,5.89
MEGA IMAGE SRL,2026-05-17 04:00,6.22
PROFI,2026-05-17 04:00,6.19
CARREFOUR,2026-05-17 20:00,6.09
MEGA IMAGE SRL,2026-05-17 20:00,6.19
PROFI,2026-05-17 20:00,6.29
CARREFOUR,2026-05-18 04:00,5.65
LIDL DISCOUNT SRL,2026-05-18 04:00,5.89
PROFI,2026-05-18 04:00,6.29
SUPECO,2026-05-18 04:00,5.69
SUPECO,2026-05-18 20:00,5.69
PROFI,2026-05-19 04:00,6.04
SUPECO,2026-05-19 04:00,5.69
KAUFLAND,2026-05-22 04:00,4.79
PROFI,2026-05-22 20:00,5.99
CARREFOUR,2026-06-03 20:00,5.39
KAUFLAND,2026-06-03 20:00,5.89
PROFI,2026-06-05 20:00,6.66
KAUFLAND,2026-06-13 20:00,5.89
MEGA IMAGE SRL,2026-06-13 20:00,5.89
PROFI,2026-06-13 20:00,6.65
MEGA IMAGE SRL,2026-06-15 20:00,6.29
MEGA IMAGE SRL,2026-06-16 20:00,6.29
KAUFLAND,2026-06-17 20:00,5.89
MEGA IMAGE SRL,2026-06-18 20:00,6.29
CARREFOUR,2026-06-19 20:00,5.59
CARREFOUR,2026-06-24 04:00,5.59
KAUFLAND,2026-06-24 04:00,5.89
MEGA IMAGE SRL,2026-06-24 04:00,6.02
PROFI,2026-06-24 04:00,6.83
CARREFOUR,2026-06-24 20:00,5.59
KAUFLAND,2026-06-24 20:00,5.89
MEGA IMAGE SRL,2026-06-24 20:00,6.16
PROFI,2026-06-24 20:00,6.93
CARREFOUR,2026-06-25 04:00,5.59
KAUFLAND,2026-06-25 04:00,5.89
MEGA IMAGE SRL,2026-06-25 04:00,5.89
PROFI,2026-06-25 04:00,6.77
CARREFOUR,2026-06-29 20:00,5.59
MEGA IMAGE SRL,2026-07-07 20:00,6.29
MEGA IMAGE SRL,2026-07-09 20:00,5.87
MEGA IMAGE SRL,2026-07-16 20:00,6.06
CARREFOUR,2026-07-17 20:00,5.39
LIDL DISCOUNT SRL,2026-07-18 20:00,5.65
LIDL DISCOUNT SRL,2026-07-19 20:00,5.65
LIDL DISCOUNT SRL,2026-07-20 20:00,5.65
LIDL DISCOUNT SRL,2026-07-21 20:00,5.65
LIDL DISCOUNT SRL,2026-07-22 20:00,5.65
LIDL DISCOUNT SRL,2026-07-23 20:00,5.65
LIDL DISCOUNT SRL,2026-07-24 20:00,5.65
MEGA IMAGE SRL,2026-07-24 20:00,6.29
LIDL DISCOUNT SRL,2026-07-25 20:00,5.65
LIDL DISCOUNT SRL,2026-07-26 20:00,5.65
LIDL DISCOUNT SRL,2026-07-27 20:00,5.65
LIDL DISCOUNT SRL,2026-07-28 20:00,5.65
LIDL DISCOUNT SRL,2026-07-29 20:00,5.65
LIDL DISCOUNT SRL,2026-07-30 20:00,5.65
LIDL DISCOUNT SRL,2026-07-31 20:00,5.65
LIDL DISCOUNT SRL,2026-08-01 20:00,5.65
LIDL DISCOUNT SRL,2026-08-02 20:00,5.65
LIDL DISCOUNT SRL,2026-08-03 20:00,5.65
PROFI,2026-08-03 20:00,5.49
LIDL DISCOUNT SRL,2026-08-04 20:00,5.65
LIDL DISCOUNT SRL,2026-08-05 20:00,5.65
MEGA IMAGE SRL,2026-08-05 20:00,5.99
LIDL DISCOUNT SRL,2026-08-06 20:00,5.65
LIDL DISCOUNT SRL,2026-08-07 04:00,5.65
LIDL DISCOUNT SRL,2026-08-08 20:00,5.65
LIDL DISCOUNT SRL,2026-08-09 04:00,5.65
LIDL DISCOUNT SRL,2026-08-09 20:00,5.65
LIDL DISCOUNT SRL,2026-08-11 20:00,5.65
KAUFLAND,2026-08-12 20:00,5.65
LIDL DISCOUNT SRL,2026-08-12 20:00,5.65
KAUFLAND,2026-08-13 20:00,5.65
LIDL DISCOUNT SRL,2026-08-13 20:00,5.65
CARREFOUR,2026-08-14 20:00,5.89
KAUFLAND,2026-08-14 20:00,5.65
LIDL DISCOUNT SRL,2026-08-14 20:00,5.65
KAUFLAND,2026-08-15 20:00,5.65
LIDL DISCOUNT SRL,2026-08-15 20:00,5.65
KAUFLAND,2026-08-16 20:00,5.65
LIDL DISCOUNT SRL,2026-08-16 20:00,5.65
KAUFLAND,2026-08-17 20:00,5.65
LIDL DISCOUNT SRL,2026-08-17 20:00,5.65
KAUFLAND,2026-08-18 20:00,5.65
LIDL DISCOUNT SRL,2026-08-18 20:00,5.65
KAUFLAND,2026-08-19 20:00,5.65
LIDL DISCOUNT SRL,2026-08-19 20:00,5.65
KAUFLAND,2026-08-20 20:00,5.65
LIDL DISCOUNT SRL,2026-08-20 20:00,5.65
KAUFLAND,2026-08-21 20:00,5.65
LIDL DISCOUNT SRL,2026-08-21 20:00,5.65
KAUFLAND,2026-08-22 20:00,5.65
LIDL DISCOUNT SRL,2026-08-22 20:00,5.65
KAUFLAND,2026-08-23 20:00,5.65
LIDL DISCOUNT SRL,2026-08-23 20:00,5.65
KAUFLAND,2026-08-24 20:00,5.65
LIDL DISCOUNT SRL,2026-08-24 20:00,5.65
KAUFLAND,2026-08-25 20:00,5.65
LIDL DISCOUNT SRL,2026-08-25 20:00,5.65
CARREFOUR,2026-08-26 20:00,5.47
LIDL DISCOUNT SRL,2026-08-26 20:00,5.65
MEGA IMAGE SRL,2026-08-26 20:00,5.99
PROFI,2026-08-26 20:00,5.49
AUCHAN,2026-08-27 20:00,5.69
KAUFLAND,2026-08-27 20:00,5.65
LIDL DISCOUNT SRL,2026-08-27 20:00,5.65
KAUFLAND,2026-08-28 20:00,5.65
LIDL DISCOUNT SRL,2026-08-28 20:00,5.65
KAUFLAND,2026-08-29 20:00,5.65
LIDL DISCOUNT SRL,2026-08-29 20:00,5.65
KAUFLAND,2026-08-30 20:00,5.65
LIDL DISCOUNT SRL,2026-08-30 20:00,5.65
KAUFLAND,2026-08-31 20:00,5.65
LIDL DISCOUNT SRL,2026-08-31 20:00,5.65
MEGA IMAGE SRL,2026-08-31 20:00,5.89
